{
  "name": "ProgressBarColumn",
  "guid": "41c56e22-68bd-425b-b20f-e0f7fd7e17eb",
  "display": {
    "default": "ProgressBar-Column",
    "languages": [
      {
        "en": "ProgressBar-Column"
      }
    ]
  },
  "type": "column",
  "rendertype": "userfield",
  "design": {
    "properties": {
      "displayName": {
        "bas-type": "localizable-string",
        "caption": {
          "default": "Display Text"
        }
      },
      "helptext": {
        "bas-type": "localizable-string",
        "caption": {
          "default": "Help text",
          "languages": [
            {
              "es": "Texto de ayuda"
            }
          ]
        }
      },
      "visible": {
        "bas-type": "rule-expression",
        "caption": {
          "default": "Visible"
        },
        "editor-parameters": {
          "type": "boolean"
        },
        "default": {
          "fixedvalue": "true"
        },
        "required": true,
        "subproperties": {
          "fixedvalue": {
            "bas-type": "boolean"
          },
          "rule": {
            "bas-type": "rule"
          }
        }
      },
      "editable": {
        "bas-type": "rule-expression",
        "caption": {
          "default": "Editable"
        },
        "editor-parameters": {
          "type": "boolean"
        },
        "default": {
          "fixedvalue": "true"
        },
        "required": true,
        "subproperties": {
          "fixedvalue": {
            "bas-type": "boolean"
          },
          "rule": {
            "bas-type": "rule"
          }
        }
      },
      "required": {
        "bas-type": "rule-expression",
        "caption": {
          "default": "Required",
          "languages": [
            {
              "es": "Requerido"
            }
          ]
        },
        "editor-parameters": {
          "type": "boolean"
        },
        "default": {
          "fixedvalue": "false"
        },
        "required": true,
        "subproperties": {
          "fixedvalue": {
            "bas-type": "boolean"
          },
          "rule": {
            "bas-type": "rule"
          }
        }
      },
      "displaytype": {
        "bas-type": "display-type",
        "caption": {
          "default": "Display Type",
          "languages": [
            {
              "es": "Tipo de display"
            }
          ]
        }
      },
      "labelalign": {
        "bas-type": "horizontal-align",
        "caption": {
          "default": "Label Horizontal Align",
          "languages": [
            {
              "es": "Etiqueta Alin. Horizontal"
            }
          ]
        },
        "default": "default"
      },
      "valuealign": {
        "bas-type": "horizontal-align",
        "caption": {
          "default": "Value Horizontal Align",
          "languages": [
            {
              "es": "Valor Alin. Horizontal"
            }
          ]
        },
        "default": "default"
      },
      "layout": {
        "bas-type": "render-layout",
        "editor-parameters": {
          "elements": [
            {
              "name": "label",
              "caption": "label",
              "default": 50
            },
            {
              "name": "value",
              "caption": "value",
              "default": 50
            }
          ]
        },
        "subproperties": {
          "labelwidth": {
            "bas-type": "int",
            "caption": {
              "default": "Label width",
              "languages": [
                {
                  "es": "Ancho Etiqueta"
                }
              ]
            },
            "metavalue": "<design:layout:label>",
            "default": 50
          },
          "valuewidth": {
            "bas-type": "int",
            "caption": {
              "default": "Control width",
              "languages": [
                {
                  "es": "Ancho Control"
                }
              ]
            },
            "metavalue": "<design:layout:value>",
            "default": 50
          }
        }
      },
      "celleditable": {
        "bas-type": "rule",
        "editor-parameters": {
          "type": "boolean"
        },
        "caption": {
          "default": "Cell Editable",
          "languages": [
            {
              "es": "Celda editable"
            },
            {
              "ja": "編集可能なセル"
            }
          ]
        },
        "subproperties": {
          "rule": {
            "bas-type": "rule"
          }
        }
      },
      "cellvisible": {
        "bas-type": "rule",
        "editor-parameters": {
          "type": "boolean"
        },
        "caption": {
          "default": "Cell Visible",
          "languages": [
            {
              "es": "Celda Visible"
            },
            {
              "ja": "表示可能なセル"
            }
          ]
        },
        "subproperties": {
          "rule": {
            "bas-type": "rule"
          }
        }
      },
      "xpathDefault": {
        "bas-type": "defaultvalue",
        "editor-parameters": {
          "type": "number",
          "allowdecimals": true,
          "exclusive": true
        },
        "caption": {
          "default": "Default value",
          "languages": [
            {
              "es": "Valor por defecto"
            }
          ]
        },
        "subproperties": {
          "fixedvalue": {
            "bas-type": "number",
            "caption": {
              "default": "Fixed",
              "languages": [
                {
                  "es": "Fijo"
                }
              ]
            }
          },
          "rule": {
            "bas-type": "rule",
            "caption": {
              "default": "Rule",
              "languages": [
                {
                  "es": "Regla"
                }
              ]
            }
          },
          "rule90": {
            "bas-type": "rule",
            "caption": {
              "default": "Rule",
              "languages": [
                {
                  "es": "Regla"
                }
              ]
            }
          }
        }
      },
      "heightControl": {
        "bas-type": "localizable-string",
        "caption": {
          "default": "Height Control",
          "languages": [
            {
              "en": "Height Control"
            }
          ]
        },
        "required": false
      },
      "widthControl": {
        "bas-type": "localizable-string",
        "caption": {
          "default": "Width Control",
          "languages": [
            {
              "en": "Width Control"
            }
          ]
        }
      },
      "borderRadius": {
        "bas-type": "localizable-string",
        "caption": {
          "default": "Border Radius",
          "languages": [
            {
              "en": "Border Radius"
            }
          ]
        }
      },
      "xpath": {
        "bas-type": "xpath-to-simple",
        "caption": {
          "default": "Data Binding",
          "languages": [
            {
              "es": "Mapeo de datos"
            }
          ]
        },
        "required": true,
        "main": true,
        "editor-parameters": {
          "types": [
            "number"
          ]
        },
        "subproperties": {
          "xpath": {
            "bas-type": "xpath"
          }
        }
      },
      "animationSpeed": {
        "bas-type": "int",
        "caption": {
          "default": "Animation Speed",
          "languages": [
            {
              "en": "Animation Speed"
            }
          ]
        },
        "required": true,
        "default": "10"
      },
      "containerBackColor": {
        "bas-type": "localizable-string",
        "caption": {
          "default": "Container Background Color",
          "languages": [
            {
              "en": "Container Background Color"
            }
          ]
        }
      },
      "containerBoxShadow": {
        "bas-type": "localizable-string",
        "caption": {
          "default": "Container Box Shadow",
          "languages": [
            {
              "en": "Container Box Shadow"
            }
          ]
        }
      }
    },
    "visual": {
      "controls-navigator": {
        "group": {
          "default": "Graph",
          "languages": [
            {
              "en": "Graph"
            }
          ]
        }
      },
      "ribbon": {},
      "context-menu": {},
      "property-box": {
        "tabs": [
          {
            "id": "basic",
            "caption": {
              "default": "Basic",
              "languages": []
            },
            "elements": [
              {
                "type": "property",
                "value": "displayName"
              },
              {
                "type": "property",
                "value": "xpath"
              },
              {
                "type": "property",
                "value": "xpathDefault"
              },
              {
                "type": "property",
                "value": "visible"
              },
              {
                "type": "property",
                "value": "editable"
              },
              {
                "type": "property",
                "value": "required"
              },
              {
                "type": "property",
                "value": "celleditable"
              },
              {
                "type": "property",
                "value": "cellvisible"
              }
            ]
          },
          {
            "id": "new1670386273584",
            "caption": {
              "default": "Style",
              "languajes": []
            },
            "elements": [
              {
                "type": "property",
                "value": "heightControl"
              },
              {
                "type": "property",
                "value": "widthControl"
              },
              {
                "type": "property",
                "value": "borderRadius"
              },
              {
                "type": "property",
                "value": "animationSpeed"
              }
            ]
          },
          {
            "id": "new1670389685309",
            "caption": {
              "default": "Colors",
              "languajes": []
            },
            "elements": [
              {
                "type": "property",
                "value": "containerBackColor"
              },
              {
                "type": "property",
                "value": "containerBoxShadow"
              }
            ]
          }
        ]
      }
    }
  },
  "runtime": {
    "properties": [
      {
        "name": "userfieldGuid",
        "type": "string",
        "metavalue": "41c56e22-68bd-425b-b20f-e0f7fd7e17eb",
        "designvalue": "41c56e22-68bd-425b-b20f-e0f7fd7e17eb"
      },
      {
        "name": "designMode",
        "type": "boolean",
        "metavalue": "false",
        "designvalue": "true"
      },
      {
        "name": "type",
        "type": "string",
        "metavalue": "columnUserfield",
        "designvalue": "columnUserfield"
      },
      {
        "name": "control",
        "type": "string",
        "metavalue": "ProgressBarColumn",
        "designvalue": "ProgressBarColumn"
      },
      {
        "name": "extendedData",
        "type": "string",
        "metavalue": "",
        "designvalue": ""
      },
      {
        "name": "displayName",
        "type": "lstring",
        "metavalue": "<design:displayName>",
        "depends": "<design:displayName>",
        "designvalue": "<design:displayName>"
      },
      {
        "name": "visible",
        "type": "boolean",
        "metavalue": "<design:visible:fixedvalue>",
        "depends": "<design:visible:fixedvalue>",
        "designvalue": "<design:visible:fixedvalue>"
      },
      {
        "name": "visible",
        "type": "rule",
        "metavalue": "<design:visible:rule>",
        "depends": "<design:visible:rule>"
      },
      {
        "name": "editable",
        "type": "boolean",
        "metavalue": "<design:editable:fixedvalue>",
        "depends": "<design:editable:fixedvalue>",
        "designvalue": "<design:editable:fixedvalue>"
      },
      {
        "name": "editable",
        "type": "rule",
        "metavalue": "<design:editable:rule>",
        "depends": "<design:editable:rule>"
      },
      {
        "name": "required",
        "type": "boolean",
        "metavalue": "<design:required:fixedvalue>",
        "depends": "<design:required:fixedvalue>",
        "designvalue": "<design:required:fixedvalue>"
      },
      {
        "name": "required",
        "type": "rule",
        "metavalue": "<design:required:rule>",
        "depends": "<design:required:rule>"
      },
      {
        "name": "displayType",
        "type": "string",
        "metavalue": "value",
        "designvalue": "value"
      },
      {
        "name": "labelAlign",
        "type": "string",
        "metavalue": "<design:labelalign>",
        "depends": "<design:labelalign>"
      },
      {
        "name": "valueAlign",
        "type": "string",
        "metavalue": "<design:valuealign>",
        "depends": "<design:valuealign>"
      },
      {
        "name": "labelWidth",
        "type": "int",
        "metavalue": "<design:layout:labelwidth>",
        "depends": "<design:layout:labelwidth>",
        "designvalue": "<design:layout:labelwidth>"
      },
      {
        "name": "valueWidth",
        "type": "int",
        "metavalue": "<design:layout:valuewidth>",
        "depends": "<design:layout:valuewidth>",
        "designvalue": "<design:layout:valuewidth>"
      },
      {
        "name": "celleditable",
        "type": "<decision-table:dt-cellpropertyeditable:type>",
        "metavalue": "<decision-table:dt-cellpropertyeditable:value>",
        "async": "true"
      },
      {
        "name": "cellvisible",
        "type": "<decision-table:dt-cellpropertyvisible:type>",
        "metavalue": "<decision-table:dt-cellpropertyvisible:value>",
        "async": "true"
      },
      {
        "name": "heightControl",
        "type": "lstring",
        "metavalue": "<design:heightControl>",
        "depends": "<design:heightControl>",
        "designvalue": "<design:heightControl>"
      },
      {
        "name": "widthControl",
        "type": "lstring",
        "metavalue": "<design:widthControl>",
        "depends": "<design:widthControl>",
        "designvalue": "<design:widthControl>"
      },
      {
        "name": "borderRadius",
        "type": "lstring",
        "metavalue": "<design:borderRadius>",
        "depends": "<design:borderRadius>",
        "designvalue": "<design:borderRadius>"
      },
      {
        "name": "xpath",
        "type": "xpath",
        "metavalue": "<design:xpath:xpath>"
      },
      {
        "name": "xpath-column",
        "type": "string",
        "metavalue": "<design:xpath:xpath>"
      },
      {
        "name": "animationSpeed",
        "type": "int",
        "metavalue": "<design:animationSpeed>",
        "depends": "<design:animationSpeed>",
        "designvalue": "<design:animationSpeed>"
      },
      {
        "name": "containerBackColor",
        "type": "lstring",
        "metavalue": "<design:containerBackColor>",
        "depends": "<design:containerBackColor>",
        "designvalue": "<design:containerBackColor>"
      },
      {
        "name": "containerBoxShadow",
        "type": "lstring",
        "metavalue": "<design:containerBoxShadow>",
        "depends": "<design:containerBoxShadow>",
        "designvalue": "<design:containerBoxShadow>"
      }
    ],
    "decision-table": [
      {
        "name": "dt-cellpropertyeditable",
        "decision-table": "dt-celleditablevisible",
        "parameters": {
          "rule": "<design:celleditable:rule>"
        }
      },
      {
        "name": "dt-cellpropertyvisible",
        "decision-table": "dt-celleditablevisible",
        "parameters": {
          "rule": "<design:cellvisible:rule>"
        }
      }
    ],
    "decision-tables-overrides": []
  }
}