{
  "widget-guid": "41c56e22-68bd-425b-b20f-e0f7fd7e17eb",
  "guid": "41c56e22-68bd-425b-b20f-e0f7fd7e17eb",
  "friendly-name": "ProgressBar-Column",
  "name": "ProgressBarColumn",
  "display": {
    "default": "ProgressBar-Column",
    "languages": [
      {
        "en": "ProgressBar-Column"
      }
    ]
  },
  "group": {
    "default": "Graph",
    "languages": [
      {
        "en": "Graph"
      }
    ]
  },
  "widget-definition": "ProgressBarColumn.json",
  "type": "column",
  "version": "1.0",
  "design": {
    "toolbar-icon": {
      "nodpi": {
        "large": "icons/nodpi/large.png",
        "normal": "icons/nodpi/normal.png",
        "small": "icons/nodpi/small.png",
        "xlarge": "icons/nodpi/xlarge.png",
        "xxlarge": "icons/nodpi/xxlarge.png"
      },
      "ldpi": {
        "large": "icons/ldpi/large2.png",
        "normal": "icons/ldpi/normal2.png",
        "small": "icons/ldpi/small2.png",
        "xlarge": "icons/ldpi/xlarge2.png",
        "xxlarge": "icons/ldpi/xxlarge2.png"
      },
      "mdpi": {
        "large": "icons/mdpi/large3.png",
        "normal": "icons/mdpi/normal3.png",
        "small": "icons/mdpi/small3.png",
        "xlarge": "icons/mdpi/xlarge3.png",
        "xxlarge": "icons/mdpi/xxlarge3.png"
      },
      "hdpi": {
        "large": "icons/hdpi/large4.png",
        "normal": "icons/hdpi/normal4.png",
        "small": "icons/hdpi/small4.png",
        "xlarge": "icons/hdpi/xlarge4.png",
        "xxlarge": "icons/hdpi/xxlarge4.png"
      }
    }
  },
  "jquery": {
    "desktop": {
      "files": {
        "implementation": "ProgressBarColumn.js",
        "additionalfiles": {
          "js": [
            "myPluginLib.js"
          ],
          "css": [
            "styles.css"
          ]
        }
      }
    },
    "tablet": {
      "files": {
        "implementation": "ProgressBarColumn.js",
        "additionalfiles": {
          "js": [
            "myPluginLib.js"
          ],
          "css": [
            "styles.css"
          ]
        }
      }
    },
    "smartphone": {
      "files": {
        "implementation": "ProgressBarColumn.js",
        "additionalfiles": {
          "js": [
            "myPluginLib.js"
          ],
          "css": [
            "styles.css"
          ]
        }
      }
    }
  }
}